{"version":1,"seq":1,"cli_version":"0.283.0","timestamp":"2026-01-21T00:45:34.818670118Z","files":[{"local_path":".vscode/settings.json","is_notebook":false},{"local_path":"jinja/jinja_notebook.ipynb","is_notebook":true},{"local_path":"resources/spotify_dab_etl.pipeline.yml","is_notebook":false},{"local_path":"src/gold/dlt/transformations/DmUser.py","is_notebook":false},{"local_path":"src/gold/dlt/transformations/FactStream.py","is_notebook":false},{"local_path":"src/gold/dlt/transformations/DmDate.py","is_notebook":false},{"local_path":".gitignore","is_notebook":false},{"local_path":"README.md","is_notebook":false},{"local_path":"databricks.yml","is_notebook":false},{"local_path":"pyproject.toml","is_notebook":false},{"local_path":"utils/transformations.py","is_notebook":false},{"local_path":"src/gold/dlt/README.md","is_notebook":false},{"local_path":"src/gold/dlt/transformations/DmTrack.py","is_notebook":false},{"local_path":".vscode/__builtins__.pyi","is_notebook":false},{"local_path":".vscode/extensions.json","is_notebook":false},{"local_path":"requirement.txt","is_notebook":false},{"local_path":"resources/sample_job.job.yml","is_notebook":false},{"local_path":"src/gold/dlt/utilities/utils.py","is_notebook":false},{"local_path":"src/silver/silver_dimentions.ipynb","is_notebook":true}],"id":"a9d42047-00e9-465a-9dba-ee87d573521a"}