{
  "version": 1,
  "config": {
    "bundle": {
      "name": "spotify_dab",
      "target": "prod",
      "mode": "production",
      "git": {
        "bundle_root_path": "."
      }
    },
    "workspace": {
      "file_path": "/Workspace/PROD.bundle/spotify_dab/prod/files"
    },
    "resources": {},
    "presets": {
      "source_linked_deployment": false
    }
  },
  "extra": {
    "git_folder_path": "/Workspace/Users/mohdhanzala542_gmail.com#ext#@mohdhanzala542gmail337.onmicrosoft.com/spotify_dab"
  }
}